Day,Order.Value,Version
1,0,C
1,30,C
1,0,C
1,27,C
1,6,C
1,0,C
1,0,C
1,0,C
1,2,C
1,0,C
1,3,C
1,0,C
1,7,C
1,4,C
1,0,C
1,153,C
1,1,C
1,0,C
1,1,C
1,0,C
1,4,C
1,15,C
1,0,C
1,0,C
1,0,C
1,0,C
1,1,C
1,39,C
1,3,C
1,0,C
1,0,C
1,0,C
1,0,C
2,0,C
2,0,C
2,0,C
2,0,C
2,0,C
2,0,C
2,0,C
2,0,C
2,0,C
2,0,C
2,0,C
2,0,C
2,14,C
2,0,C
2,0,C
2,0,C
2,0,C
2,0,C
2,0,C
2,1,C
2,0,C
2,8,C
2,0,C
2,0,C
2,0,C
2,0,C
2,0,C
2,0,C
2,0,C
2,8,C
2,0,C
2,17,C
2,0,C
2,0,C
2,0,C
2,0,C
2,0,C
2,0,C
2,0,C
2,5,C
2,2,C
2,0,C
2,1,C
2,0,C
2,0,C
2,114,C
2,0,C
2,0,C
2,0,C
2,0,C
2,16,C
2,0,C
2,0,C
2,0,C
2,0,C
2,0,C
2,1,C
2,0,C
2,9,C
2,0,C
2,3,C
2,0,C
2,0,C
2,0,C
2,0,C
2,0,C
2,0,C
2,0,C
2,25,C
2,0,C
2,0,C
2,0,C
2,0,C
2,0,C
2,3,C
2,0,C
2,0,C
2,14,C
2,0,C
2,0,C
2,0,C
2,25,C
2,0,C
2,6,C
2,0,C
2,2,C
2,0,C
2,69,C
2,0,C
2,6,C
2,0,C
2,0,C
2,0,C
2,0,C
2,0,C
2,0,C
2,66,C
2,0,C
2,0,C
2,0,C
2,0,C
2,0,C
2,149,C
2,0,C
2,3,C
2,1,C
2,0,C
2,0,C
2,0,C
2,133,C
2,2,C
2,0,C
2,1,C
2,0,C
2,0,C
2,0,C
2,0,C
2,0,C
2,0,C
2,0,C
2,0,C
2,0,C
2,0,C
2,0,C
2,0,C
2,36,C
2,0,C
2,5,C
2,0,C
2,0,C
2,0,C
2,0,C
2,0,C
2,148,C
2,0,C
2,0,C
2,0,C
2,0,C
2,0,C
2,0,C
2,0,C
2,0,C
2,0,C
2,0,C
2,0,C
2,0,C
2,0,C
2,0,C
2,0,C
2,0,C
2,0,C
2,0,C
2,0,C
2,0,C
2,0,C
2,0,C
2,0,C
2,0,C
2,0,C
2,0,C
2,0,C
2,0,C
2,4,C
2,0,C
2,0,C
2,0,C
2,14,C
2,0,C
2,0,C
2,0,C
2,0,C
2,0,C
2,0,C
2,0,C
2,0,C
2,0,C
2,1,C
2,0,C
2,0,C
2,0,C
2,0,C
2,0,C
2,0,C
2,0,C
2,0,C
2,0,C
2,0,C
2,0,C
2,6,C
2,0,C
2,0,C
2,0,C
2,0,C
2,1,C
2,0,C
2,0,C
2,0,C
2,0,C
2,0,C
2,0,C
2,0,C
2,0,C
2,0,C
2,0,C
2,6,C
2,0,C
2,0,C
2,0,C
2,0,C
2,0,C
2,0,C
2,0,C
2,0,C
2,0,C
2,0,C
2,0,C
2,0,C
2,0,C
2,0,C
2,2,C
2,0,C
2,0,C
2,0,C
2,20,C
2,0,C
2,9,C
2,1,C
2,7,C
2,22,C
2,0,C
2,0,C
2,0,C
2,0,C
2,0,C
2,0,C
2,0,C
2,1,C
2,0,C
2,0,C
2,0,C
2,0,C
2,0,C
2,0,C
2,0,C
2,18,C
2,0,C
2,0,C
2,0,C
2,0,C
2,111,C
2,12,C
2,0,C
2,0,C
2,0,C
2,0,C
2,0,C
2,0,C
2,0,C
2,0,C
2,2,C
2,0,C
2,0,C
2,0,C
2,0,C
2,0,C
2,0,C
2,0,C
2,3,C
2,0,C
2,4,C
2,0,C
2,4,C
2,0,C
2,10,C
2,38,C
2,0,C
2,0,C
2,0,C
2,0,C
2,0,C
2,0,C
2,0,C
2,0,C
2,3,C
2,0,C
2,827,C
2,0,C
2,0,C
2,0,C
2,0,C
2,0,C
2,0,C
2,0,C
2,0,C
2,18,C
2,0,C
2,0,C
2,0,C
3,0,C
3,0,C
3,0,C
3,9,C
3,0,C
3,0,C
3,61,C
3,0,C
3,0,C
3,0,C
3,0,C
3,0,C
3,0,C
3,2,C
3,0,C
3,0,C
3,120,C
3,0,C
3,0,C
3,0,C
3,0,C
3,77,C
3,0,C
3,0,C
3,0,C
3,0,C
3,45,C
3,4,C
3,0,C
3,1,C
3,20,C
3,73,C
3,0,C
3,0,C
3,0,C
3,0,C
3,0,C
3,0,C
3,0,C
3,0,C
3,0,C
3,0,C
3,0,C
3,66,C
3,0,C
3,2,C
3,0,C
3,80,C
3,1,C
3,1,C
3,0,C
3,0,C
3,0,C
3,0,C
3,0,C
3,0,C
3,0,C
3,0,C
3,0,C
3,0,C
3,0,C
3,0,C
3,0,C
3,0,C
3,0,C
3,23,C
3,0,C
3,0,C
3,0,C
3,44,C
3,0,C
3,1,C
3,3,C
3,0,C
3,0,C
3,0,C
3,30,C
3,0,C
3,0,C
3,0,C
3,0,C
3,0,C
3,6,C
3,0,C
3,0,C
3,0,C
3,0,C
3,0,C
3,0,C
3,0,C
3,0,C
3,0,C
3,0,C
3,0,C
3,0,C
3,86,C
3,0,C
3,1,C
3,0,C
3,3,C
3,0,C
3,0,C
3,0,C
3,0,C
3,0,C
3,0,C
3,1,C
3,0,C
3,0,C
3,0,C
3,62,C
3,0,C
3,3,C
3,0,C
3,0,C
3,0,C
3,3,C
3,0,C
3,0,C
3,14,C
3,0,C
3,0,C
3,1,C
3,0,C
3,0,C
3,30,C
3,0,C
3,0,C
3,15,C
3,0,C
3,0,C
3,2,C
3,0,C
3,0,C
3,0,C
3,0,C
3,0,C
3,0,C
3,8,C
3,0,C
3,2,C
3,4,C
3,0,C
3,0,C
3,0,C
3,0,C
3,0,C
3,0,C
3,0,C
3,0,C
3,2,C
3,0,C
3,19,C
3,0,C
3,0,C
3,0,C
3,0,C
3,0,C
3,0,C
3,0,C
3,6,C
3,0,C
3,0,C
3,0,C
3,0,C
3,0,C
3,1,C
3,0,C
3,0,C
3,0,C
3,8,C
3,0,C
3,2,C
3,0,C
3,0,C
3,0,C
3,0,C
3,13,C
3,0,C
3,11,C
3,0,C
3,0,C
3,0,C
3,0,C
3,0,C
3,0,C
3,0,C
3,0,C
3,0,C
3,10,C
3,0,C
3,0,C
3,2,C
3,12,C
3,0,C
3,20,C
3,0,C
3,0,C
3,0,C
3,0,C
3,0,C
3,0,C
3,0,C
3,0,C
3,0,C
3,0,C
3,0,C
3,0,C
3,0,C
3,0,C
3,1,C
3,0,C
3,4,C
3,0,C
3,31,C
3,1,C
3,52,C
3,0,C
3,0,C
3,0,C
3,53,C
3,13,C
3,0,C
3,0,C
3,4,C
3,7,C
3,0,C
3,0,C
3,0,C
3,0,C
3,8,C
3,0,C
3,5,C
3,315,C
3,0,C
3,0,C
3,0,C
3,65,C
3,0,C
3,173,C
3,0,C
3,0,C
3,0,C
3,41,C
3,5,C
3,0,C
3,9,C
3,0,C
3,0,C
3,20,C
3,0,C
3,0,C
3,0,C
3,0,C
3,0,C
3,0,C
3,0,C
3,2,C
3,0,C
3,0,C
3,0,C
3,0,C
3,0,C
3,0,C
3,222,C
3,86,C
3,2,C
3,0,C
3,0,C
3,15,C
3,0,C
3,0,C
3,0,C
3,0,C
3,0,C
3,0,C
3,0,C
3,0,C
3,2,C
3,0,C
3,2,C
3,8,C
3,0,C
3,0,C
3,0,C
3,0,C
3,0,C
3,1,C
3,0,C
3,45,C
3,0,C
3,0,C
3,45,C
3,9,C
3,0,C
3,0,C
3,0,C
3,7,C
3,0,C
3,55,C
3,4,C
3,0,C
3,1,C
3,0,C
3,66,C
3,0,C
3,0,C
3,0,C
3,0,C
3,55,C
3,0,C
3,6,C
3,18,C
3,0,C
3,0,C
3,0,C
3,0,C
3,0,C
3,0,C
3,56,C
3,2,C
3,0,C
3,0,C
3,0,C
3,0,C
3,1,C
3,0,C
3,0,C
3,0,C
3,36,C
4,0,C
4,67,C
4,0,C
4,0,C
4,0,C
4,9,C
4,150,C
4,0,C
4,5,C
4,8,C
4,0,C
4,4,C
4,0,C
4,0,C
4,44,C
4,0,C
4,6,C
4,0,C
4,18,C
4,0,C
4,2,C
4,0,C
4,0,C
4,0,C
4,0,C
4,0,C
4,0,C
4,0,C
4,1,C
4,1,C
4,17,C
4,0,C
4,20,C
4,1,C
4,2,C
4,5,C
4,0,C
4,0,C
4,0,C
4,0,C
4,0,C
4,55,C
4,4,C
4,27,C
4,0,C
4,2,C
4,0,C
4,1,C
4,0,C
4,20,C
4,0,C
4,0,C
4,14,C
4,0,C
4,1,C
4,0,C
4,0,C
4,0,C
4,0,C
4,0,C
4,0,C
4,15,C
4,0,C
4,5,C
4,0,C
4,0,C
4,43,C
4,0,C
4,4,C
4,0,C
4,6,C
4,5,C
4,0,C
4,0,C
4,0,C
4,2,C
4,0,C
4,0,C
4,144,C
4,24,C
4,1,C
4,0,C
4,81,C
4,27,C
4,0,C
4,1,C
4,0,C
4,0,C
4,111,C
4,0,C
4,26,C
4,0,C
4,1,C
4,0,C
4,0,C
4,15,C
4,0,C
4,0,C
4,0,C
4,0,C
4,0,C
4,0,C
4,0,C
4,0,C
4,0,C
4,25,C
4,6,C
4,5,C
4,0,C
4,0,C
4,0,C
4,58,C
4,28,C
4,0,C
4,0,C
4,0,C
4,0,C
4,0,C
4,0,C
4,3,C
4,0,C
4,0,C
4,0,C
4,2,C
4,0,C
4,2,C
4,33,C
4,19,C
4,195,C
4,13,C
4,0,C
4,0,C
4,5,C
4,0,C
4,5,C
4,14,C
4,38,C
4,22,C
4,67,C
4,0,C
4,0,C
4,0,C
4,6,C
4,0,C
4,0,C
4,0,C
4,0,C
4,0,C
4,0,C
4,0,C
4,1,C
4,0,C
4,4,C
4,4,C
4,0,C
4,0,C
4,0,C
4,164,C
4,0,C
4,0,C
4,0,C
4,0,C
4,12,C
4,0,C
4,0,C
4,0,C
4,4,C
4,0,C
4,0,C
4,49,C
4,0,C
4,0,C
4,1,C
4,0,C
4,7,C
4,0,C
4,0,C
4,0,C
4,1,C
4,0,C
4,0,C
4,3,C
4,0,C
4,0,C
4,0,C
4,0,C
4,0,C
4,18,C
4,23,C
4,0,C
4,0,C
4,0,C
4,0,C
4,73,C
4,155,C
4,0,C
4,0,C
4,9,C
4,0,C
4,6,C
4,2,C
4,0,C
4,0,C
4,0,C
4,0,C
4,0,C
4,0,C
4,0,C
4,0,C
4,2,C
4,15,C
4,6,C
4,3,C
4,3,C
4,0,C
4,0,C
4,0,C
4,0,C
4,0,C
4,55,C
4,0,C
4,0,C
4,0,C
4,0,C
4,0,C
4,4,C
4,0,C
4,123,C
4,2,C
4,0,C
4,0,C
4,0,C
4,0,C
4,0,C
4,0,C
4,11,C
4,0,C
4,1,C
4,0,C
4,36,C
4,4,C
4,35,C
4,51,C
4,0,C
4,160,C
4,0,C
4,0,C
4,0,C
4,0,C
4,7,C
4,0,C
4,0,C
4,0,C
4,0,C
4,0,C
4,0,C
4,0,C
4,197,C
4,20,C
4,10,C
4,0,C
4,0,C
4,0,C
4,0,C
4,0,C
4,0,C
4,0,C
4,0,C
4,65,C
4,0,C
4,36,C
4,0,C
4,0,C
4,0,C
4,0,C
4,0,C
4,0,C
4,0,C
4,0,C
4,0,C
4,0,C
4,0,C
4,0,C
5,0,C
5,0,C
5,0,C
5,1,C
5,0,C
5,0,C
5,260,C
5,38,C
5,5,C
5,3,C
5,0,C
5,0,C
5,5,C
5,0,C
5,6,C
5,0,C
5,0,C
5,1,C
5,0,C
5,1,C
5,12,C
5,0,C
5,8,C
5,0,C
5,0,C
5,0,C
5,8,C
5,0,C
5,0,C
5,6,C
5,0,C
5,0,C
5,89,C
5,148,C
5,27,C
5,0,C
5,0,C
5,0,C
5,9,C
5,138,C
5,0,C
5,0,C
5,8,C
5,0,C
5,150,C
5,0,C
5,0,C
5,0,C
5,30,C
5,0,C
5,0,C
5,0,C
5,1,C
5,0,C
5,2,C
5,1,C
5,0,C
5,55,C
5,0,C
5,1,C
5,17,C
5,0,C
5,3,C
5,0,C
5,13,C
5,0,C
5,0,C
5,19,C
5,2,C
5,5,C
5,0,C
5,0,C
5,0,C
5,0,C
5,0,C
5,1,C
5,0,C
5,0,C
5,0,C
5,0,C
5,8,C
5,0,C
5,0,C
5,0,C
5,7,C
5,0,C
5,0,C
5,0,C
5,0,C
5,0,C
5,0,C
5,0,C
5,0,C
5,11,C
5,1,C
5,77,C
5,0,C
5,0,C
5,1,C
5,0,C
5,2,C
5,0,C
5,162,C
5,0,C
5,10,C
5,0,C
5,0,C
5,0,C
5,1,C
5,3,C
5,29,C
5,0,C
5,25,C
5,0,C
5,2,C
5,1,C
5,0,C
5,0,C
5,1,C
5,24,C
5,13,C
5,1,C
5,2,C
5,0,C
5,0,C
5,0,C
5,0,C
5,0,C
5,0,C
5,0,C
5,0,C
5,14,C
5,1,C
5,13,C
5,53,C
5,21,C
5,0,C
5,16,C
5,0,C
5,0,C
5,0,C
5,0,C
5,0,C
5,1,C
5,157,C
5,67,C
5,0,C
5,0,C
5,0,C
5,0,C
5,27,C
5,1,C
5,0,C
5,7,C
5,0,C
5,34,C
5,0,C
5,0,C
5,23,C
5,0,C
5,0,C
5,0,C
5,0,C
5,0,C
5,0,C
5,0,C
5,0,C
5,75,C
5,79,C
5,0,C
5,4,C
5,0,C
5,0,C
5,0,C
5,0,C
5,10,C
5,4,C
5,7,C
5,0,C
5,0,C
5,1,C
5,0,C
5,0,C
5,110,C
5,0,C
5,0,C
5,0,C
5,0,C
5,0,C
5,45,C
5,0,C
5,16,C
5,0,C
5,0,C
5,2,C
5,0,C
5,184,C
6,0,C
6,10,C
6,0,C
6,0,C
6,0,C
6,0,C
6,0,C
6,37,C
6,0,C
6,0,C
6,0,C
6,117,C
6,0,C
6,13,C
6,0,C
6,0,C
6,0,C
6,0,C
6,1,C
6,0,C
6,2,C
6,0,C
6,59,C
6,154,C
6,6,C
6,0,C
6,4,C
6,7,C
6,1,C
6,4,C
6,18,C
6,0,C
6,0,C
6,13,C
6,1,C
6,0,C
6,0,C
6,0,C
6,0,C
6,1,C
6,0,C
6,52,C
6,14,C
6,5,C
6,16,C
6,0,C
6,0,C
6,0,C
6,0,C
6,0,C
6,2,C
6,53,C
6,14,C
6,0,C
6,1,C
6,0,C
6,0,C
6,0,C
6,0,C
6,0,C
6,10,C
6,8,C
6,0,C
6,5,C
6,12,C
6,1,C
6,0,C
6,20,C
6,0,C
6,0,C
6,0,C
6,0,C
6,0,C
6,46,C
6,0,C
6,0,C
6,0,C
6,0,C
6,1,C
6,0,C
6,0,C
6,3,C
6,0,C
6,0,C
6,1,C
6,0,C
6,0,C
6,0,C
6,77,C
6,1,C
6,52,C
6,1,C
6,0,C
6,0,C
6,1,C
6,1,C
6,0,C
6,0,C
6,0,C
6,0,C
6,26,C
6,0,C
6,0,C
6,0,C
6,0,C
6,0,C
6,32,C
6,83,C
6,0,C
6,0,C
6,0,C
6,1,C
6,47,C
6,0,C
6,0,C
6,403,C
6,0,C
6,0,C
6,0,C
6,120,C
6,0,C
6,3,C
6,1,C
6,0,C
6,0,C
6,0,C
6,10,C
6,11,C
6,0,C
6,148,C
6,4,C
6,5,C
6,0,C
6,0,C
6,0,C
6,36,C
6,17,C
6,2,C
6,0,C
6,1,C
6,191,C
6,19,C
6,0,C
6,1,C
6,0,C
6,0,C
6,81,C
6,143,C
6,1,C
6,2,C
6,74,C
6,0,C
6,0,C
6,144,C
6,86,C
6,7,C
7,3,C
7,71,C
7,0,C
7,18,C
7,14,C
7,0,C
7,103,C
7,28,C
7,186,C
7,27,C
7,61,C
7,24,C
7,0,C
7,35,C
7,0,C
7,11,C
7,457,C
7,0,C
7,56,C
7,19,C
7,0,C
7,0,C
7,0,C
7,26,C
7,0,C
7,21,C
7,1,C
7,4,C
7,0,C
7,0,C
7,1,C
7,72,C
7,3,C
7,1,C
7,150,C
7,1,C
7,0,C
7,13,C
7,0,C
7,17,C
7,0,C
7,0,C
7,0,C
7,53,C
7,2,C
7,116,C
7,1,C
7,0,C
7,4,C
7,0,C
7,5,C
7,2,C
7,0,C
7,0,C
7,41,C
7,0,C
7,19,C
7,0,C
7,1,C
7,196,C
7,54,C
7,142,C
7,10,C
7,90,C
7,43,C
7,113,C
7,0,C
7,1,C
7,1,C
7,0,C
7,0,C
7,8,C
7,0,C
7,2,C
7,12,C
7,4,C
7,10,C
7,1,C
7,269,C
7,35,C
7,16,C
7,21,C
7,18,C
7,8,C
7,2,C
7,251,C
7,46,C
7,124,C
7,176,C
7,3,C
7,26,C
7,0,C
7,19,C
7,66,C
7,3,C
7,9,C
7,3,C
7,4,C
7,1,C
7,459,C
7,36,C
7,0,C
7,18,C
7,15,C
7,4,C
7,7,C
7,4,C
7,0,C
7,52,C
7,8,C
7,44,C
7,0,C
7,424,C
7,0,C
7,69,C
7,55,C
7,0,C
7,27,C
7,14,C
7,1,C
7,3,C
7,9,C
7,1,C
7,38,C
7,0,C
7,76,C
7,0,C
7,1,C
7,14,C
7,37,C
7,7,C
7,1,C
7,0,C
7,0,C
7,0,C
7,13,C
7,163,C
7,11,C
7,0,C
7,34,C
7,0,C
7,2,C
7,2,C
7,16,C
7,0,C
7,1,C
7,158,C
7,0,C
7,1,C
7,1,C
7,60,C
7,82,C
7,14,C
7,0,C
7,220,C
7,65,C
7,44,C
7,0,C
7,0,C
7,22,C
7,3,C
7,2,C
7,79,C
7,0,C
7,0,C
7,0,C
7,0,C
7,2,C
7,183,C
7,223,C
7,2,C
7,104,C
7,7,C
7,6,C
7,174,C
7,49,C
7,98,C
7,4,C
7,0,C
7,118,C
7,1,C
7,1,C
7,24,C
8,15,C
8,12,C
8,0,C
8,8,C
8,1,C
8,73,C
8,64,C
8,48,C
8,8,C
8,0,C
8,19,C
8,7,C
8,41,C
8,0,C
8,0,C
8,9,C
8,207,C
8,1,C
8,35,C
8,7,C
8,0,C
8,0,C
8,0,C
8,30,C
8,3,C
8,0,C
8,11,C
8,97,C
8,16,C
8,92,C
8,135,C
8,0,C
8,0,C
8,20,C
8,21,C
8,0,C
8,84,C
8,0,C
8,0,C
8,1,C
8,78,C
8,2,C
8,0,C
8,1,C
8,0,C
8,0,C
8,0,C
8,3,C
8,1,C
8,4,C
8,0,C
8,0,C
8,0,C
8,5,C
8,13,C
8,0,C
8,10,C
8,0,C
8,0,C
8,33,C
8,8,C
8,104,C
8,2,C
8,0,C
8,1,C
8,23,C
8,32,C
8,5,C
8,46,C
8,0,C
8,11,C
8,44,C
8,0,C
8,24,C
8,0,C
8,40,C
8,200,C
8,10,C
8,155,C
8,3,C
8,90,C
8,34,C
8,0,C
8,0,C
8,4,C
8,0,C
8,0,C
8,0,C
8,1,C
8,12,C
8,73,C
8,90,C
8,70,C
8,0,C
8,141,C
8,4,C
8,0,C
8,2,C
8,1,C
8,5,C
8,0,C
8,180,C
8,258,C
8,0,C
8,0,C
8,10,C
8,0,C
8,0,C
8,0,C
8,126,C
8,120,C
8,0,C
8,19,C
8,1,C
8,1,C
8,0,C
8,81,C
8,0,C
8,20,C
8,44,C
8,4,C
8,25,C
8,81,C
8,0,C
8,44,C
8,0,C
8,0,C
8,42,C
8,3,C
8,65,C
8,0,C
8,0,C
8,0,C
8,302,C
8,7,C
8,72,C
8,2,C
9,5,C
9,26,C
9,24,C
9,1,C
9,0,C
9,16,C
9,37,C
9,0,C
9,0,C
9,0,C
9,26,C
9,0,C
9,1,C
9,0,C
9,0,C
9,0,C
9,103,C
9,0,C
9,0,C
9,6,C
9,9,C
9,0,C
9,1,C
9,0,C
9,1,C
9,0,C
9,0,C
9,82,C
9,1,C
9,2,C
9,4,C
9,341,C
9,0,C
9,148,C
9,0,C
9,0,C
9,3,C
9,0,C
9,0,C
9,3,C
9,0,C
9,0,C
9,9,C
9,0,C
9,0,C
9,1,C
9,2,C
9,19,C
9,0,C
9,0,C
9,0,C
9,16,C
9,0,C
9,0,C
9,0,C
9,0,C
9,29,C
9,0,C
9,0,C
9,10,C
9,0,C
9,17,C
9,6,C
9,17,C
9,0,C
9,142,C
9,12,C
9,124,C
9,0,C
9,0,C
9,27,C
9,43,C
9,0,C
9,31,C
9,3,C
9,110,C
9,2,C
9,0,C
9,0,C
9,0,C
9,0,C
9,7,C
9,0,C
9,0,C
9,0,C
9,29,C
9,0,C
9,0,C
9,0,C
9,9,C
9,0,C
9,0,C
9,187,C
9,0,C
9,0,C
9,4,C
9,29,C
9,0,C
9,593,C
9,2,C
9,0,C
9,1,C
9,1,C
9,3,C
9,3,C
9,0,C
9,48,C
9,0,C
9,4,C
9,0,C
9,0,C
9,1,C
9,2,C
9,0,C
9,0,C
9,5,C
9,77,C
9,17,C
9,0,C
10,0,C
10,0,C
10,39,C
10,9,C
10,0,C
10,1,C
10,0,C
10,0,C
10,0,C
10,1,C
10,0,C
10,6,C
10,0,C
10,4,C
10,5,C
10,0,C
10,275,C
10,0,C
10,36,C
10,0,C
10,0,C
10,1,C
10,0,C
10,59,C
10,0,C
10,0,C
10,23,C
10,0,C
10,5,C
10,0,C
10,6,C
10,0,C
10,3,C
10,0,C
10,2,C
10,32,C
10,133,C
10,83,C
10,42,C
10,0,C
10,0,C
10,30,C
10,0,C
10,30,C
10,0,C
10,0,C
10,0,C
10,74,C
10,5,C
10,7,C
10,0,C
10,61,C
10,0,C
10,0,C
10,8,C
10,11,C
10,6,C
10,12,C
10,0,C
10,103,C
10,0,C
10,0,C
10,0,C
10,244,C
10,0,C
10,0,C
10,0,C
10,47,C
10,2,C
10,2,C
10,0,C
10,54,C
10,0,C
10,0,C
10,9,C
10,0,C
10,0,C
10,0,C
10,8,C
10,147,C
10,0,C
10,0,C
10,46,C
10,96,C
10,0,C
10,0,C
10,1,C
10,1,C
10,19,C
10,90,C
10,0,C
10,0,C
10,0,C
10,0,C
10,3,C
10,71,C
10,0,C
10,0,C
10,0,C
10,4,C
10,0,C
10,2,C
10,0,C
10,0,C
10,0,C
10,1,C
10,1,C
10,0,C
10,18,C
10,0,C
10,1,C
10,0,C
10,0,C
10,1,C
10,0,C
10,0,C
10,7,C
10,0,C
10,0,C
10,22,C
10,12,C
10,0,C
10,0,C
10,1,C
10,0,C
10,38,C
10,0,C
10,0,C
10,6,C
10,0,C
10,5,C
10,30,C
10,0,C
11,0,C
11,24,C
11,0,C
11,5,C
11,0,C
11,24,C
11,86,C
11,0,C
11,0,C
11,0,C
11,0,C
11,0,C
11,0,C
11,0,C
11,57,C
11,0,C
11,0,C
11,41,C
11,0,C
11,73,C
11,0,C
11,0,C
11,0,C
11,0,C
11,0,C
11,0,C
11,0,C
11,39,C
11,1,C
11,0,C
11,0,C
11,0,C
11,41,C
11,0,C
11,0,C
11,230,C
11,0,C
11,0,C
11,17,C
11,0,C
11,0,C
11,50,C
11,0,C
11,3,C
11,28,C
11,117,C
11,0,C
11,0,C
11,0,C
11,0,C
11,5,C
11,12,C
11,29,C
11,5,C
11,0,C
11,0,C
11,0,C
11,55,C
11,0,C
11,1066,C
11,0,C
11,18,C
11,1,C
11,0,C
11,22,C
11,4,C
11,163,C
11,11,C
11,0,C
11,10,C
11,0,C
11,0,C
11,46,C
11,0,C
11,44,C
11,0,C
11,0,C
11,0,C
11,0,C
11,126,C
11,1,C
11,0,C
11,10,C
11,43,C
11,0,C
11,5,C
11,29,C
11,0,C
11,0,C
11,0,C
11,0,C
11,0,C
11,0,C
11,5,C
11,0,C
11,0,C
11,0,C
11,0,C
11,0,C
11,48,C
11,0,C
11,0,C
11,1,C
11,0,C
11,102,C
11,35,C
11,0,C
11,22,C
11,0,C
11,0,C
11,0,C
11,0,C
11,0,C
11,1,C
11,0,C
11,45,C
11,0,C
11,0,C
11,667,C
11,21,C
11,1,C
11,0,C
11,1,C
11,152,C
11,0,C
11,18,C
11,0,C
11,9,C
11,1,C
11,0,C
11,0,C
11,0,C
11,5,C
11,0,C
11,0,C
12,11,C
12,94,C
12,223,C
12,1470,C
12,0,C
12,0,C
12,75,C
12,237,C
12,0,C
12,1,C
12,139,C
12,1,C
12,10,C
12,1,C
12,1,C
12,61,C
12,5,C
12,3,C
12,0,C
12,0,C
12,0,C
12,34,C
12,11,C
12,0,C
12,13,C
12,140,C
12,19,C
12,159,C
12,23,C
12,530,C
12,222,C
12,6,C
12,0,C
12,0,C
12,1,C
12,25,C
12,1,C
12,184,C
12,45,C
12,1,C
12,241,C
12,0,C
12,13,C
12,0,C
12,22,C
12,1,C
12,0,C
12,10,C
12,0,C
12,18,C
12,1,C
12,13,C
12,34,C
12,42,C
12,8,C
12,0,C
12,7,C
12,1,C
12,0,C
12,4,C
12,470,C
12,3,C
12,5,C
12,10,C
12,9,C
12,530,C
12,7,C
12,0,C
12,0,C
12,0,C
12,0,C
12,0,C
12,12,C
12,51,C
12,198,C
12,17,C
12,453,C
12,0,C
12,47,C
12,19,C
12,46,C
12,24,C
12,133,C
12,141,C
12,5,C
12,2,C
12,0,C
12,5,C
12,119,C
12,319,C
12,68,C
12,5,C
12,145,C
12,25,C
12,11,C
12,1,C
12,128,C
12,1,C
12,5,C
12,47,C
12,0,C
12,1,C
12,135,C
12,1,C
12,29,C
12,0,C
12,0,C
12,4,C
12,0,C
12,0,C
12,82,C
12,3,C
12,0,C
12,16,C
12,455,C
12,44,C
12,24,C
12,2,C
12,14,C
12,0,C
13,0,C
13,106,C
13,156,C
13,0,C
13,10,C
13,56,C
13,177,C
13,151,C
13,11,C
13,138,C
13,155,C
13,47,C
13,680,C
13,707,C
13,0,C
13,3,C
13,0,C
13,39,C
13,38,C
13,7,C
13,0,C
13,0,C
13,7,C
13,76,C
13,31,C
13,6,C
13,86,C
13,0,C
13,154,C
13,7,C
13,18,C
13,34,C
13,564,C
13,0,C
13,740,C
13,19,C
13,154,C
13,2,C
13,41,C
13,0,C
13,30,C
13,40,C
13,0,C
13,9,C
13,0,C
13,18,C
13,8,C
13,103,C
13,0,C
13,0,C
13,22,C
13,102,C
13,0,C
13,140,C
13,3,C
13,93,C
13,1,C
13,0,C
13,0,C
13,370,C
13,2,C
13,6,C
13,413,C
13,40,C
13,0,C
13,1,C
13,0,C
13,9,C
13,2,C
13,2,C
13,3,C
13,29,C
13,192,C
13,4,C
13,0,C
13,91,C
13,0,C
13,0,C
13,25,C
13,3,C
13,18,C
13,31,C
13,6,C
13,0,C
13,0,C
13,185,C
13,177,C
13,50,C
13,1,C
13,250,C
13,67,C
13,53,C
13,178,C
13,0,C
13,50,C
13,33,C
13,17,C
13,21,C
13,0,C
13,0,C
13,0,C
14,1,C
14,2,C
14,2,C
14,2,C
14,52,C
14,0,C
14,325,C
14,43,C
14,31,C
14,13,C
14,0,C
14,0,C
14,12,C
14,1,C
14,134,C
14,1,C
14,0,C
14,1,C
14,3,C
14,0,C
14,0,C
14,0,C
14,0,C
14,0,C
14,2,C
14,28,C
14,2,C
14,59,C
14,32,C
14,94,C
14,2,C
14,0,C
14,4,C
14,36,C
14,77,C
14,194,C
14,337,C
14,20,C
14,361,C
14,0,C
14,42,C
14,80,C
14,2,C
14,0,C
14,117,C
14,501,C
14,1,C
14,0,C
14,3,C
14,654,C
14,52,C
14,6,C
14,0,C
14,104,C
14,1,C
14,159,C
14,0,C
14,59,C
14,0,C
14,0,C
14,0,C
14,2,C
14,53,C
14,0,C
14,70,C
14,14,C
14,0,C
14,1,C
14,239,C
14,0,C
14,2,C
14,4,C
14,1,C
14,0,C
14,81,C
14,26,C
14,73,C
14,96,C
14,70,C
14,205,C
14,69,C
14,0,C
14,0,C
14,85,C
14,39,C
14,36,C
14,0,C
14,1,C
14,556,C
14,1,C
14,5,C
14,0,C
14,0,C
14,0,C
14,138,C
14,1,C
14,35,C
14,13,C
14,0,C
15,90,C
15,1,C
15,0,C
15,5,C
15,42,C
15,69,C
15,10,C
15,80,C
15,328,C
15,45,C
15,0,C
15,0,C
15,156,C
15,0,C
15,178,C
15,0,C
15,0,C
15,3,C
15,0,C
15,0,C
15,33,C
15,20,C
15,0,C
15,8,C
15,48,C
15,0,C
15,0,C
15,5,C
15,147,C
15,0,C
15,0,C
15,0,C
15,13,C
15,0,C
15,124,C
15,0,C
15,0,C
15,24,C
15,0,C
15,0,C
15,190,C
15,8,C
15,8,C
15,27,C
15,2,C
15,181,C
15,28,C
15,0,C
15,0,C
15,88,C
15,7,C
15,0,C
15,0,C
15,0,C
15,35,C
15,138,C
15,20,C
15,0,C
15,3,C
15,126,C
15,78,C
15,217,C
15,268,C
15,11,C
15,192,C
15,1,C
15,25,C
15,0,C
15,4,C
15,0,C
15,3,C
15,0,C
15,3,C
15,192,C
15,11,C
15,25,C
15,0,C
15,0,C
15,18,C
15,28,C
15,0,C
15,21,C
15,10,C
15,0,C
15,0,C
15,0,C
15,46,C
15,0,C
15,0,C
15,0,C
15,150,C
15,144,C
15,0,C
15,0,C
15,0,C
15,0,C
15,0,C
16,0,C
16,1,C
16,79,C
16,0,C
16,0,C
16,1,C
16,0,C
16,0,C
16,51,C
16,0,C
16,57,C
16,4,C
16,223,C
16,125,C
16,0,C
16,0,C
16,59,C
16,0,C
16,0,C
16,27,C
16,0,C
16,37,C
16,35,C
16,48,C
16,0,C
16,1,C
16,77,C
16,135,C
16,3,C
16,98,C
16,12,C
16,0,C
16,0,C
16,278,C
16,0,C
16,355,C
16,3,C
16,22,C
16,0,C
16,38,C
16,0,C
16,3,C
16,165,C
16,0,C
16,0,C
16,0,C
16,129,C
16,571,C
16,43,C
16,3,C
16,2,C
16,0,C
16,20,C
16,0,C
16,43,C
16,38,C
16,89,C
16,10,C
16,43,C
16,59,C
16,5,C
16,42,C
16,0,C
16,0,C
16,0,C
16,32,C
16,0,C
16,0,C
16,0,C
16,6,C
16,4,C
16,50,C
16,23,C
16,2,C
16,0,C
16,290,C
16,35,C
16,3,C
16,4,C
16,1,C
16,226,C
16,0,C
16,0,C
16,0,C
16,5,C
16,0,C
16,1,C
16,177,C
16,0,C
16,17,C
16,66,C
16,0,C
16,149,C
16,0,C
16,1,C
16,8,C
16,377,C
16,22,C
16,44,C
17,8,C
17,0,C
17,0,C
17,0,C
17,4,C
17,0,C
17,457,C
17,0,C
17,83,C
17,0,C
17,473,C
17,0,C
17,513,C
17,31,C
17,0,C
17,36,C
17,32,C
17,1,C
17,0,C
17,0,C
17,0,C
17,1,C
17,71,C
17,114,C
17,0,C
17,0,C
17,0,C
17,4,C
17,1,C
17,1,C
17,1,C
17,4,C
17,0,C
17,0,C
17,2,C
17,11,C
17,11,C
17,189,C
17,0,C
17,8,C
17,42,C
17,3,C
17,0,C
17,0,C
17,0,C
17,38,C
17,2,C
17,14,C
17,4,C
17,10,C
17,16,C
17,15,C
17,0,C
17,0,C
17,0,C
17,35,C
17,5,C
17,2,C
17,764,C
17,549,C
17,113,C
17,0,C
17,21,C
17,0,C
17,0,C
17,1,C
17,16,C
17,1,C
17,23,C
17,40,C
17,0,C
17,32,C
17,11,C
17,1,C
17,45,C
17,9,C
17,9,C
17,75,C
17,0,C
17,0,C
17,2,C
17,80,C
17,12,C
17,0,C
17,0,C
17,55,C
17,9,C
17,0,C
17,1,C
17,0,C
17,0,C
17,55,C
17,1,C
17,40,C
17,255,C
17,5,C
17,0,C
17,77,C
17,0,C
17,0,C
17,182,C
17,78,C
17,0,C
17,6,C
17,32,C
17,0,C
17,0,C
17,0,C
17,318,C
17,108,C
18,0,C
18,0,C
18,0,C
18,4,C
18,0,C
18,0,C
18,0,C
18,0,C
18,0,C
18,43,C
18,0,C
18,0,C
18,4,C
18,44,C
18,0,C
18,0,C
18,123,C
18,7,C
18,0,C
18,56,C
18,22,C
18,31,C
18,0,C
18,200,C
18,1,C
18,5,C
18,1,C
18,0,C
18,11,C
18,0,C
18,11,C
18,108,C
18,0,C
18,166,C
18,1,C
18,0,C
18,101,C
18,0,C
18,0,C
18,150,C
18,193,C
18,14,C
18,0,C
18,0,C
18,67,C
18,0,C
18,55,C
18,12,C
18,232,C
18,482,C
18,0,C
18,0,C
18,48,C
18,0,C
18,0,C
18,10,C
18,73,C
18,0,C
18,1,C
18,18,C
18,0,C
18,0,C
18,10,C
18,3,C
18,60,C
18,1,C
18,0,C
18,0,C
18,3,C
18,0,C
18,0,C
18,3,C
18,39,C
18,0,C
18,0,C
18,0,C
18,5,C
18,41,C
18,2,C
18,143,C
18,174,C
18,0,C
18,690,C
18,0,C
18,33,C
18,0,C
18,1,C
18,356,C
18,8,C
18,92,C
18,0,C
18,7,C
18,0,C
18,2,C
18,0,C
18,245,C
18,69,C
18,0,C
18,1,C
18,0,C
18,0,C
18,14,C
18,0,C
18,182,C
18,0,C
18,1,C
18,0,C
18,0,C
18,84,C
18,0,C
19,74,C
19,74,C
19,175,C
19,116,C
19,23,C
19,19,C
19,143,C
19,585,C
19,597,C
19,134,C
19,105,C
19,28,C
19,99,C
19,18,C
19,32,C
19,208,C
19,72,C
19,92,C
19,233,C
19,36,C
19,155,C
19,45,C
19,5,C
19,49,C
19,1121,C
19,58,C
19,509,C
19,15,C
1,0,T
1,21,T
1,0,T
1,18,T
1,3,T
1,0,T
1,0,T
1,0,T
1,0,T
1,0,T
1,1,T
1,0,T
1,4,T
1,2,T
1,0,T
1,169,T
1,0,T
1,0,T
1,0,T
1,0,T
1,2,T
1,9,T
1,0,T
1,0,T
1,0,T
1,0,T
1,0,T
1,29,T
1,1,T
1,0,T
1,0,T
1,0,T
1,0,T
2,0,T
2,1,T
2,0,T
2,0,T
2,0,T
2,0,T
2,0,T
2,0,T
2,0,T
2,0,T
2,0,T
2,0,T
2,14,T
2,0,T
2,0,T
2,0,T
2,0,T
2,0,T
2,0,T
2,1,T
2,0,T
2,8,T
2,0,T
2,0,T
2,0,T
2,0,T
2,0,T
2,0,T
2,0,T
2,8,T
2,0,T
2,17,T
2,0,T
2,0,T
2,0,T
2,0,T
2,0,T
2,0,T
2,0,T
2,5,T
2,2,T
2,0,T
2,1,T
2,0,T
2,0,T
2,107,T
2,122,T
2,0,T
2,0,T
2,0,T
2,0,T
2,16,T
2,0,T
2,0,T
2,0,T
2,0,T
2,0,T
2,1,T
2,0,T
2,9,T
2,0,T
2,3,T
2,0,T
2,0,T
2,0,T
2,0,T
2,0,T
2,0,T
2,0,T
2,25,T
2,0,T
2,0,T
2,0,T
2,0,T
2,0,T
2,3,T
2,0,T
2,0,T
2,15,T
2,0,T
2,0,T
2,0,T
2,25,T
2,0,T
2,6,T
2,0,T
2,2,T
2,0,T
2,66,T
2,0,T
2,7,T
2,0,T
2,0,T
2,0,T
2,0,T
2,0,T
2,0,T
2,63,T
2,0,T
2,0,T
2,0,T
2,0,T
2,0,T
2,142,T
2,0,T
2,3,T
2,1,T
2,0,T
2,0,T
2,0,T
2,127,T
2,2,T
2,0,T
2,1,T
2,0,T
2,0,T
2,0,T
2,0,T
2,0,T
2,0,T
2,0,T
2,0,T
2,0,T
2,0,T
2,0,T
2,0,T
2,36,T
2,0,T
2,6,T
2,0,T
2,0,T
2,0,T
2,0,T
2,0,T
2,141,T
2,0,T
2,0,T
2,0,T
2,0,T
2,0,T
2,0,T
2,0,T
2,0,T
2,0,T
2,0,T
2,0,T
2,0,T
2,0,T
2,0,T
2,0,T
2,0,T
2,0,T
2,0,T
2,0,T
2,0,T
2,0,T
2,0,T
2,0,T
2,1,T
2,0,T
2,0,T
2,0,T
2,0,T
2,4,T
2,0,T
2,0,T
2,0,T
2,15,T
2,0,T
2,0,T
2,0,T
2,0,T
2,0,T
2,0,T
2,0,T
2,0,T
2,0,T
2,2,T
2,0,T
2,0,T
2,0,T
2,0,T
2,0,T
2,0,T
2,0,T
2,0,T
2,0,T
2,0,T
2,0,T
2,6,T
2,0,T
2,0,T
2,0,T
2,0,T
2,1,T
2,0,T
2,0,T
2,0,T
2,0,T
2,0,T
2,0,T
2,0,T
2,0,T
2,0,T
2,0,T
2,6,T
2,0,T
2,0,T
2,0,T
2,0,T
2,0,T
2,0,T
2,0,T
2,0,T
2,0,T
2,0,T
2,0,T
2,0,T
2,0,T
2,0,T
2,2,T
2,0,T
2,0,T
2,0,T
2,20,T
2,0,T
2,10,T
2,1,T
2,7,T
2,22,T
2,0,T
2,0,T
2,0,T
2,0,T
2,0,T
2,0,T
2,0,T
2,1,T
2,0,T
2,0,T
2,0,T
2,0,T
2,0,T
2,0,T
2,0,T
2,18,T
2,1,T
2,0,T
2,0,T
2,0,T
2,104,T
2,12,T
2,0,T
2,0,T
2,0,T
2,0,T
2,0,T
2,0,T
2,0,T
2,0,T
2,2,T
2,0,T
2,0,T
2,0,T
2,0,T
2,0,T
2,0,T
2,0,T
2,4,T
2,0,T
2,4,T
2,0,T
2,4,T
2,0,T
2,11,T
2,37,T
2,0,T
2,0,T
2,0,T
2,0,T
2,0,T
2,0,T
2,0,T
2,0,T
2,3,T
2,0,T
2,769,T
2,0,T
2,0,T
2,0,T
2,0,T
2,0,T
2,0,T
2,0,T
2,0,T
2,18,T
2,0,T
2,0,T
3,0,T
3,0,T
3,0,T
3,0,T
3,9,T
3,0,T
3,0,T
3,60,T
3,0,T
3,0,T
3,0,T
3,0,T
3,0,T
3,0,T
3,2,T
3,0,T
3,0,T
3,117,T
3,0,T
3,0,T
3,0,T
3,0,T
3,75,T
3,0,T
3,0,T
3,0,T
3,0,T
3,44,T
3,4,T
3,0,T
3,1,T
3,20,T
3,71,T
3,0,T
3,0,T
3,0,T
3,0,T
3,0,T
3,0,T
3,0,T
3,0,T
3,0,T
3,0,T
3,0,T
3,65,T
3,0,T
3,2,T
3,0,T
3,78,T
3,1,T
3,1,T
3,0,T
3,0,T
3,0,T
3,0,T
3,0,T
3,0,T
3,0,T
3,0,T
3,0,T
3,0,T
3,0,T
3,0,T
3,0,T
3,0,T
3,0,T
3,23,T
3,0,T
3,0,T
3,0,T
3,43,T
3,0,T
3,1,T
3,3,T
3,0,T
3,0,T
3,0,T
3,30,T
3,0,T
3,0,T
3,0,T
3,0,T
3,0,T
3,6,T
3,0,T
3,0,T
3,0,T
3,0,T
3,0,T
3,0,T
3,0,T
3,0,T
3,0,T
3,0,T
3,0,T
3,0,T
3,84,T
3,0,T
3,1,T
3,0,T
3,3,T
3,0,T
3,0,T
3,0,T
3,0,T
3,0,T
3,0,T
3,1,T
3,0,T
3,0,T
3,0,T
3,61,T
3,0,T
3,3,T
3,0,T
3,0,T
3,0,T
3,3,T
3,0,T
3,0,T
3,14,T
3,0,T
3,0,T
3,1,T
3,0,T
3,0,T
3,29,T
3,0,T
3,0,T
3,15,T
3,0,T
3,0,T
3,2,T
3,0,T
3,0,T
3,0,T
3,0,T
3,0,T
3,0,T
3,8,T
3,0,T
3,2,T
3,4,T
3,0,T
3,0,T
3,0,T
3,0,T
3,0,T
3,0,T
3,0,T
3,0,T
3,2,T
3,0,T
3,18,T
3,0,T
3,0,T
3,0,T
3,0,T
3,0,T
3,0,T
3,0,T
3,6,T
3,0,T
3,0,T
3,0,T
3,0,T
3,0,T
3,1,T
3,0,T
3,0,T
3,0,T
3,8,T
3,0,T
3,2,T
3,0,T
3,0,T
3,0,T
3,0,T
3,13,T
3,0,T
3,11,T
3,0,T
3,0,T
3,0,T
3,0,T
3,0,T
3,0,T
3,0,T
3,0,T
3,0,T
3,10,T
3,0,T
3,0,T
3,2,T
3,12,T
3,0,T
3,20,T
3,0,T
3,0,T
3,0,T
3,0,T
3,0,T
3,0,T
3,0,T
3,0,T
3,0,T
3,0,T
3,0,T
3,0,T
3,0,T
3,0,T
3,1,T
3,0,T
3,4,T
3,0,T
3,30,T
3,1,T
3,51,T
3,0,T
3,0,T
3,0,T
3,52,T
3,13,T
3,0,T
3,0,T
3,4,T
3,7,T
3,0,T
3,0,T
3,0,T
3,0,T
3,8,T
3,0,T
3,5,T
3,308,T
3,0,T
3,0,T
3,0,T
3,64,T
3,0,T
3,170,T
3,0,T
3,0,T
3,0,T
3,41,T
3,5,T
3,0,T
3,9,T
3,0,T
3,0,T
3,20,T
3,0,T
3,0,T
3,0,T
3,0,T
3,0,T
3,0,T
3,0,T
3,2,T
3,0,T
3,0,T
3,0,T
3,0,T
3,0,T
3,0,T
3,217,T
3,84,T
3,2,T
3,0,T
3,0,T
3,15,T
3,0,T
3,0,T
3,0,T
3,0,T
3,0,T
3,0,T
3,0,T
3,0,T
3,2,T
3,0,T
3,2,T
3,8,T
3,0,T
3,0,T
3,0,T
3,0,T
3,0,T
3,1,T
3,0,T
3,45,T
3,0,T
3,0,T
3,45,T
3,9,T
3,0,T
3,0,T
3,0,T
3,7,T
3,0,T
3,54,T
3,4,T
3,0,T
3,137,T
3,1,T
3,0,T
3,64,T
3,0,T
3,0,T
3,0,T
3,0,T
3,54,T
3,0,T
3,6,T
3,18,T
3,0,T
3,0,T
3,0,T
3,0,T
3,0,T
3,0,T
3,55,T
3,2,T
3,0,T
3,0,T
3,0,T
3,0,T
3,1,T
3,0,T
4,0,T
4,0,T
4,58,T
4,0,T
4,65,T
4,0,T
4,0,T
4,0,T
4,8,T
4,0,T
4,4,T
4,7,T
4,0,T
4,3,T
4,0,T
4,0,T
4,43,T
4,0,T
4,6,T
4,0,T
4,17,T
4,0,T
4,2,T
4,0,T
4,0,T
4,0,T
4,0,T
4,0,T
4,0,T
4,0,T
4,0,T
4,0,T
4,16,T
4,0,T
4,19,T
4,1,T
4,1,T
4,4,T
4,0,T
4,0,T
4,0,T
4,0,T
4,0,T
4,54,T
4,4,T
4,26,T
4,0,T
4,1,T
4,0,T
4,1,T
4,0,T
4,18,T
4,0,T
4,0,T
4,13,T
4,0,T
4,1,T
4,0,T
4,0,T
4,0,T
4,0,T
4,0,T
4,0,T
4,14,T
4,0,T
4,4,T
4,0,T
4,0,T
4,41,T
4,0,T
4,4,T
4,0,T
4,5,T
4,4,T
4,0,T
4,0,T
4,0,T
4,2,T
4,0,T
4,0,T
4,146,T
4,23,T
4,1,T
4,0,T
4,80,T
4,25,T
4,0,T
4,0,T
4,0,T
4,0,T
4,111,T
4,0,T
4,24,T
4,0,T
4,0,T
4,0,T
4,0,T
4,13,T
4,0,T
4,0,T
4,0,T
4,0,T
4,0,T
4,0,T
4,0,T
4,0,T
4,0,T
4,23,T
4,6,T
4,4,T
4,0,T
4,0,T
4,0,T
4,57,T
4,27,T
4,0,T
4,0,T
4,0,T
4,0,T
4,0,T
4,0,T
4,3,T
4,0,T
4,0,T
4,0,T
4,2,T
4,0,T
4,1,T
4,32,T
4,18,T
4,195,T
4,12,T
4,0,T
4,0,T
4,4,T
4,0,T
4,4,T
4,13,T
4,36,T
4,21,T
4,66,T
4,0,T
4,0,T
4,0,T
4,5,T
4,0,T
4,0,T
4,0,T
4,0,T
4,0,T
4,0,T
4,0,T
4,1,T
4,0,T
4,3,T
4,3,T
4,0,T
4,0,T
4,0,T
4,163,T
4,0,T
4,0,T
4,0,T
4,0,T
4,11,T
4,0,T
4,0,T
4,0,T
4,4,T
4,0,T
4,0,T
4,48,T
4,0,T
4,0,T
4,1,T
4,0,T
4,6,T
4,0,T
4,0,T
4,0,T
4,1,T
4,0,T
4,0,T
4,2,T
4,0,T
4,0,T
4,0,T
4,0,T
4,0,T
4,16,T
4,22,T
4,0,T
4,0,T
4,0,T
4,0,T
4,72,T
4,153,T
4,0,T
4,0,T
4,8,T
4,0,T
4,6,T
4,2,T
4,0,T
4,0,T
4,0,T
4,0,T
4,412,T
4,0,T
4,0,T
4,0,T
4,0,T
4,2,T
4,14,T
4,5,T
4,3,T
4,3,T
4,0,T
4,0,T
4,0,T
4,0,T
4,0,T
4,54,T
4,0,T
4,0,T
4,0,T
4,0,T
4,0,T
4,3,T
4,0,T
4,123,T
4,1,T
4,0,T
4,0,T
4,0,T
4,0,T
4,0,T
4,0,T
4,10,T
4,0,T
4,0,T
4,0,T
4,34,T
4,4,T
4,34,T
4,50,T
4,0,T
4,158,T
4,0,T
4,0,T
4,0,T
4,0,T
4,6,T
4,0,T
4,0,T
4,0,T
4,0,T
4,0,T
4,0,T
4,0,T
4,196,T
4,18,T
4,10,T
4,0,T
4,0,T
4,0,T
4,0,T
4,0,T
4,0,T
4,0,T
4,0,T
4,63,T
4,0,T
4,35,T
4,0,T
4,0,T
4,0,T
4,0,T
4,0,T
4,0,T
4,0,T
4,0,T
4,0,T
4,0,T
4,0,T
4,0,T
5,0,T
5,0,T
5,0,T
5,1,T
5,0,T
5,0,T
5,263,T
5,39,T
5,5,T
5,3,T
5,0,T
5,0,T
5,5,T
5,0,T
5,6,T
5,0,T
5,0,T
5,1,T
5,0,T
5,1,T
5,13,T
5,0,T
5,8,T
5,0,T
5,0,T
5,0,T
5,8,T
5,0,T
5,0,T
5,6,T
5,0,T
5,0,T
5,90,T
5,150,T
5,27,T
5,0,T
5,0,T
5,0,T
5,10,T
5,139,T
5,0,T
5,0,T
5,9,T
5,0,T
5,151,T
5,0,T
5,0,T
5,0,T
5,31,T
5,0,T
5,0,T
5,0,T
5,1,T
5,0,T
5,2,T
5,1,T
5,0,T
5,56,T
5,0,T
5,1,T
5,17,T
5,0,T
5,3,T
5,0,T
5,14,T
5,0,T
5,0,T
5,20,T
5,2,T
5,5,T
5,0,T
5,0,T
5,0,T
5,0,T
5,0,T
5,1,T
5,0,T
5,0,T
5,0,T
5,0,T
5,8,T
5,0,T
5,0,T
5,0,T
5,8,T
5,0,T
5,0,T
5,0,T
5,0,T
5,0,T
5,0,T
5,0,T
5,0,T
5,11,T
5,1,T
5,78,T
5,0,T
5,0,T
5,1,T
5,0,T
5,2,T
5,0,T
5,164,T
5,0,T
5,10,T
5,0,T
5,0,T
5,0,T
5,1,T
5,3,T
5,30,T
5,0,T
5,25,T
5,0,T
5,2,T
5,1,T
5,0,T
5,0,T
5,1,T
5,24,T
5,13,T
5,1,T
5,2,T
5,0,T
5,0,T
5,0,T
5,0,T
5,0,T
5,0,T
5,0,T
5,0,T
5,15,T
5,1,T
5,14,T
5,54,T
5,22,T
5,0,T
5,17,T
5,0,T
5,0,T
5,0,T
5,0,T
5,0,T
5,1,T
5,159,T
5,68,T
5,0,T
5,0,T
5,0,T
5,0,T
5,28,T
5,1,T
5,0,T
5,7,T
5,0,T
5,35,T
5,0,T
5,0,T
5,24,T
5,0,T
5,0,T
5,0,T
5,0,T
5,0,T
5,0,T
5,0,T
5,0,T
5,76,T
5,80,T
5,0,T
5,4,T
5,0,T
5,0,T
5,0,T
5,0,T
5,10,T
5,4,T
5,7,T
5,0,T
5,0,T
5,1,T
5,0,T
5,0,T
5,112,T
5,0,T
5,0,T
5,0,T
5,0,T
5,0,T
5,45,T
5,0,T
5,17,T
5,0,T
5,0,T
5,2,T
5,0,T
6,216,T
6,0,T
6,9,T
6,0,T
6,0,T
6,0,T
6,0,T
6,0,T
6,36,T
6,0,T
6,0,T
6,0,T
6,120,T
6,0,T
6,11,T
6,0,T
6,0,T
6,0,T
6,0,T
6,0,T
6,0,T
6,2,T
6,0,T
6,58,T
6,161,T
6,5,T
6,0,T
6,3,T
6,6,T
6,1,T
6,4,T
6,16,T
6,0,T
6,0,T
6,12,T
6,1,T
6,0,T
6,0,T
6,0,T
6,0,T
6,0,T
6,0,T
6,51,T
6,12,T
6,4,T
6,15,T
6,0,T
6,0,T
6,0,T
6,0,T
6,0,T
6,2,T
6,52,T
6,13,T
6,0,T
6,1,T
6,0,T
6,0,T
6,0,T
6,0,T
6,0,T
6,9,T
6,7,T
6,0,T
6,4,T
6,11,T
6,0,T
6,0,T
6,18,T
6,0,T
6,0,T
6,0,T
6,0,T
6,0,T
6,45,T
6,0,T
6,0,T
6,0,T
6,0,T
6,0,T
6,0,T
6,0,T
6,2,T
6,0,T
6,0,T
6,1,T
6,0,T
6,0,T
6,0,T
6,77,T
6,1,T
6,51,T
6,1,T
6,0,T
6,0,T
6,1,T
6,1,T
6,0,T
6,0,T
6,0,T
6,0,T
6,24,T
6,0,T
6,0,T
6,0,T
6,0,T
6,0,T
6,31,T
6,84,T
6,0,T
6,0,T
6,35,T
6,0,T
6,1,T
6,46,T
6,0,T
6,0,T
6,422,T
6,0,T
6,0,T
6,0,T
6,124,T
6,0,T
6,2,T
6,1,T
6,0,T
6,0,T
6,0,T
6,9,T
6,10,T
6,0,T
6,154,T
6,4,T
6,5,T
6,0,T
6,0,T
6,0,T
6,34,T
6,16,T
6,1,T
6,0,T
6,1,T
6,195,T
6,17,T
6,0,T
6,0,T
6,0,T
6,0,T
6,82,T
6,149,T
6,0,T
6,1,T
6,75,T
6,0,T
6,0,T
7,266,T
7,162,T
7,57,T
7,3,T
7,71,T
7,0,T
7,18,T
7,15,T
7,0,T
7,103,T
7,28,T
7,185,T
7,28,T
7,61,T
7,25,T
7,0,T
7,36,T
7,0,T
7,11,T
7,452,T
7,0,T
7,57,T
7,19,T
7,0,T
7,0,T
7,0,T
7,26,T
7,0,T
7,21,T
7,2,T
7,4,T
7,0,T
7,0,T
7,1,T
7,72,T
7,3,T
7,1,T
7,149,T
7,1,T
7,1,T
7,14,T
7,0,T
7,18,T
7,0,T
7,0,T
7,0,T
7,53,T
7,2,T
7,116,T
7,1,T
7,0,T
7,4,T
7,0,T
7,6,T
7,2,T
7,0,T
7,0,T
7,41,T
7,0,T
7,19,T
7,0,T
7,1,T
7,195,T
7,54,T
7,141,T
7,11,T
7,90,T
7,43,T
7,113,T
7,0,T
7,1,T
7,2,T
7,0,T
7,0,T
7,9,T
7,0,T
7,2,T
7,12,T
7,4,T
7,10,T
7,1,T
7,268,T
7,35,T
7,16,T
7,21,T
7,19,T
7,8,T
7,2,T
7,250,T
7,46,T
7,123,T
7,176,T
7,3,T
7,26,T
7,0,T
7,19,T
7,66,T
7,3,T
7,9,T
7,3,T
7,4,T
7,1,T
7,454,T
7,37,T
7,0,T
7,18,T
7,15,T
7,4,T
7,7,T
7,5,T
7,0,T
7,53,T
7,8,T
7,44,T
7,0,T
7,420,T
7,0,T
7,70,T
7,56,T
7,0,T
7,27,T
7,15,T
7,1,T
7,3,T
7,10,T
7,1,T
7,39,T
7,0,T
7,76,T
7,0,T
7,1,T
7,14,T
7,37,T
7,7,T
7,1,T
7,0,T
7,0,T
7,0,T
7,13,T
7,161,T
7,11,T
7,0,T
7,35,T
7,0,T
7,2,T
7,2,T
7,17,T
7,0,T
7,1,T
7,156,T
7,0,T
7,1,T
7,1,T
7,60,T
7,82,T
7,14,T
7,0,T
7,219,T
7,65,T
7,44,T
7,0,T
7,0,T
7,22,T
7,4,T
7,2,T
7,79,T
7,0,T
7,0,T
7,0,T
7,0,T
7,2,T
7,183,T
7,222,T
7,2,T
7,103,T
7,8,T
7,6,T
7,174,T
7,49,T
7,98,T
7,5,T
7,0,T
7,118,T
7,1,T
8,0,T
8,6,T
8,15,T
8,12,T
8,0,T
8,8,T
8,1,T
8,74,T
8,64,T
8,48,T
8,7,T
8,0,T
8,18,T
8,7,T
8,41,T
8,0,T
8,0,T
8,9,T
8,209,T
8,1,T
8,35,T
8,7,T
8,0,T
8,0,T
8,0,T
8,30,T
8,3,T
8,0,T
8,11,T
8,98,T
8,16,T
8,92,T
8,136,T
8,0,T
8,0,T
8,20,T
8,20,T
8,0,T
8,85,T
8,0,T
8,0,T
8,1,T
8,78,T
8,2,T
8,0,T
8,1,T
8,0,T
8,0,T
8,0,T
8,3,T
8,1,T
8,4,T
8,0,T
8,0,T
8,0,T
8,4,T
8,13,T
8,0,T
8,10,T
8,0,T
8,0,T
8,33,T
8,8,T
8,105,T
8,2,T
8,0,T
8,0,T
8,23,T
8,32,T
8,5,T
8,46,T
8,0,T
8,11,T
8,44,T
8,0,T
8,23,T
8,0,T
8,39,T
8,202,T
8,10,T
8,156,T
8,3,T
8,90,T
8,33,T
8,0,T
8,0,T
8,4,T
8,0,T
8,0,T
8,0,T
8,1,T
8,11,T
8,73,T
8,90,T
8,70,T
8,0,T
8,142,T
8,4,T
8,0,T
8,1,T
8,1,T
8,5,T
8,0,T
8,182,T
8,260,T
8,0,T
8,0,T
8,10,T
8,0,T
8,0,T
8,0,T
8,127,T
8,121,T
8,0,T
8,19,T
8,1,T
8,1,T
8,0,T
8,82,T
8,0,T
8,20,T
8,44,T
8,4,T
8,25,T
8,81,T
8,0,T
8,44,T
8,0,T
8,0,T
8,42,T
8,3,T
8,65,T
8,0,T
8,0,T
8,0,T
8,305,T
9,3,T
9,54,T
9,1,T
9,4,T
9,24,T
9,22,T
9,1,T
9,0,T
9,15,T
9,35,T
9,0,T
9,0,T
9,0,T
9,24,T
9,0,T
9,1,T
9,0,T
9,0,T
9,0,T
9,104,T
9,0,T
9,0,T
9,5,T
9,8,T
9,0,T
9,0,T
9,0,T
9,1,T
9,0,T
9,0,T
9,82,T
9,0,T
9,1,T
9,3,T
9,351,T
9,0,T
9,152,T
9,0,T
9,0,T
9,3,T
9,0,T
9,0,T
9,2,T
9,0,T
9,0,T
9,8,T
9,0,T
9,0,T
9,0,T
9,2,T
9,18,T
9,0,T
9,0,T
9,0,T
9,15,T
9,0,T
9,0,T
9,0,T
9,0,T
9,28,T
9,0,T
9,0,T
9,9,T
9,0,T
9,16,T
9,6,T
9,16,T
9,0,T
9,146,T
9,11,T
9,126,T
9,0,T
9,0,T
9,25,T
9,41,T
9,0,T
9,30,T
9,3,T
9,111,T
9,2,T
9,0,T
9,0,T
9,0,T
9,0,T
9,6,T
9,0,T
9,0,T
9,0,T
9,28,T
9,0,T
9,0,T
9,0,T
9,8,T
9,0,T
9,0,T
9,194,T
9,0,T
9,0,T
9,4,T
9,28,T
9,0,T
9,617,T
9,1,T
9,0,T
9,1,T
9,1,T
9,3,T
9,3,T
9,0,T
9,47,T
9,0,T
9,3,T
9,0,T
9,0,T
9,1,T
9,1,T
9,0,T
9,0,T
9,4,T
9,76,T
10,11,T
10,0,T
10,0,T
10,0,T
10,40,T
10,10,T
10,0,T
10,1,T
10,0,T
10,0,T
10,0,T
10,1,T
10,0,T
10,6,T
10,0,T
10,4,T
10,5,T
10,0,T
10,273,T
10,0,T
10,37,T
10,0,T
10,0,T
10,1,T
10,0,T
10,60,T
10,0,T
10,0,T
10,24,T
10,0,T
10,5,T
10,0,T
10,7,T
10,0,T
10,3,T
10,0,T
10,2,T
10,33,T
10,132,T
10,83,T
10,43,T
10,0,T
10,0,T
10,31,T
10,0,T
10,31,T
10,0,T
10,0,T
10,0,T
10,74,T
10,6,T
10,7,T
10,0,T
10,62,T
10,0,T
10,0,T
10,9,T
10,11,T
10,6,T
10,12,T
10,0,T
10,103,T
10,0,T
10,0,T
10,0,T
10,243,T
10,0,T
10,0,T
10,0,T
10,48,T
10,2,T
10,2,T
10,0,T
10,55,T
10,0,T
10,0,T
10,10,T
10,0,T
10,0,T
10,0,T
10,9,T
10,145,T
10,0,T
10,0,T
10,47,T
10,96,T
10,0,T
10,0,T
10,1,T
10,2,T
10,19,T
10,90,T
10,0,T
10,0,T
10,0,T
10,0,T
10,4,T
10,71,T
10,0,T
10,0,T
10,0,T
10,5,T
10,0,T
10,2,T
10,0,T
10,0,T
10,0,T
10,1,T
10,1,T
10,0,T
10,19,T
10,0,T
10,1,T
10,0,T
10,0,T
10,1,T
10,0,T
10,0,T
10,7,T
10,0,T
10,0,T
10,23,T
10,13,T
10,0,T
10,0,T
10,1,T
10,0,T
10,39,T
10,0,T
10,0,T
10,6,T
10,0,T
10,5,T
11,1,T
11,1,T
11,25,T
11,0,T
11,6,T
11,0,T
11,26,T
11,86,T
11,0,T
11,0,T
11,0,T
11,0,T
11,0,T
11,0,T
11,0,T
11,58,T
11,0,T
11,0,T
11,42,T
11,0,T
11,73,T
11,0,T
11,0,T
11,0,T
11,0,T
11,0,T
11,0,T
11,0,T
11,40,T
11,2,T
11,0,T
11,0,T
11,0,T
11,43,T
11,0,T
11,0,T
11,225,T
11,0,T
11,0,T
11,18,T
11,0,T
11,0,T
11,51,T
11,0,T
11,4,T
11,30,T
11,114,T
11,0,T
11,0,T
11,0,T
11,0,T
11,6,T
11,13,T
11,31,T
11,6,T
11,0,T
11,0,T
11,0,T
11,56,T
11,0,T
11,1008,T
11,0,T
11,19,T
11,1,T
11,0,T
11,23,T
11,5,T
11,158,T
11,12,T
11,0,T
11,11,T
11,0,T
11,0,T
11,47,T
11,0,T
11,45,T
11,0,T
11,0,T
11,0,T
11,0,T
11,124,T
11,1,T
11,0,T
11,11,T
11,44,T
11,0,T
11,6,T
11,30,T
11,0,T
11,0,T
11,0,T
11,0,T
11,0,T
11,0,T
11,6,T
11,0,T
11,0,T
11,0,T
11,0,T
11,0,T
11,49,T
11,0,T
11,0,T
11,1,T
11,0,T
11,100,T
11,36,T
11,0,T
11,24,T
11,0,T
11,0,T
11,0,T
11,0,T
11,0,T
11,1,T
11,0,T
11,46,T
11,0,T
11,0,T
11,634,T
11,22,T
11,1,T
11,0,T
11,1,T
11,147,T
11,0,T
11,20,T
11,0,T
11,10,T
11,1,T
11,0,T
11,0,T
11,0,T
11,6,T
11,0,T
12,0,T
12,10,T
12,94,T
12,227,T
12,1506,T
12,0,T
12,0,T
12,74,T
12,239,T
12,0,T
12,1,T
12,140,T
12,1,T
12,9,T
12,1,T
12,1,T
12,60,T
12,4,T
12,3,T
12,0,T
12,0,T
12,0,T
12,33,T
12,10,T
12,0,T
12,12,T
12,141,T
12,18,T
12,160,T
12,22,T
12,540,T
12,226,T
12,6,T
12,0,T
12,0,T
12,1,T
12,24,T
12,0,T
12,187,T
12,44,T
12,1,T
12,243,T
12,0,T
12,12,T
12,0,T
12,21,T
12,1,T
12,0,T
12,10,T
12,0,T
12,17,T
12,1,T
12,13,T
12,33,T
12,41,T
12,7,T
12,0,T
12,6,T
12,0,T
12,0,T
12,4,T
12,478,T
12,3,T
12,4,T
12,9,T
12,8,T
12,540,T
12,7,T
12,0,T
12,0,T
12,0,T
12,0,T
12,0,T
12,11,T
12,50,T
12,201,T
12,16,T
12,461,T
12,0,T
12,46,T
12,19,T
12,45,T
12,23,T
12,134,T
12,142,T
12,5,T
12,2,T
12,0,T
12,4,T
12,120,T
12,323,T
12,68,T
12,5,T
12,146,T
12,24,T
12,11,T
12,1,T
12,129,T
12,1,T
12,4,T
12,46,T
12,0,T
12,1,T
12,136,T
12,1,T
12,28,T
12,0,T
12,0,T
12,0,T
12,4,T
12,0,T
12,0,T
12,82,T
12,3,T
12,0,T
12,15,T
12,462,T
12,43,T
12,23,T
13,2,T
13,14,T
13,0,T
13,0,T
13,105,T
13,155,T
13,0,T
13,10,T
13,55,T
13,176,T
13,150,T
13,10,T
13,137,T
13,155,T
13,46,T
13,681,T
13,708,T
13,0,T
13,3,T
13,0,T
13,38,T
13,38,T
13,7,T
13,0,T
13,0,T
13,6,T
13,75,T
13,31,T
13,6,T
13,85,T
13,0,T
13,153,T
13,7,T
13,17,T
13,33,T
13,564,T
13,0,T
13,741,T
13,19,T
13,153,T
13,2,T
13,40,T
13,0,T
13,29,T
13,39,T
13,0,T
13,8,T
13,0,T
13,18,T
13,8,T
13,101,T
13,0,T
13,0,T
13,21,T
13,101,T
13,0,T
13,139,T
13,3,T
13,92,T
13,1,T
13,0,T
13,0,T
13,370,T
13,2,T
13,5,T
13,412,T
13,39,T
13,0,T
13,0,T
13,0,T
13,9,T
13,2,T
13,2,T
13,3,T
13,28,T
13,192,T
13,4,T
13,0,T
13,90,T
13,0,T
13,0,T
13,24,T
13,3,T
13,17,T
13,30,T
13,6,T
13,0,T
13,0,T
13,185,T
13,176,T
13,49,T
13,1,T
13,250,T
13,66,T
13,52,T
13,177,T
13,0,T
13,49,T
13,32,T
13,17,T
13,21,T
13,0,T
14,0,T
14,0,T
14,1,T
14,3,T
14,2,T
14,2,T
14,52,T
14,0,T
14,324,T
14,43,T
14,31,T
14,14,T
14,0,T
14,0,T
14,12,T
14,1,T
14,134,T
14,1,T
14,0,T
14,1,T
14,3,T
14,0,T
14,0,T
14,0,T
14,0,T
14,0,T
14,2,T
14,28,T
14,2,T
14,59,T
14,33,T
14,95,T
14,2,T
14,0,T
14,4,T
14,36,T
14,77,T
14,193,T
14,336,T
14,21,T
14,360,T
14,0,T
14,43,T
14,81,T
14,2,T
14,0,T
14,117,T
14,499,T
14,1,T
14,0,T
14,3,T
14,650,T
14,52,T
14,7,T
14,0,T
14,105,T
14,1,T
14,159,T
14,0,T
14,60,T
14,0,T
14,0,T
14,0,T
14,3,T
14,54,T
14,0,T
14,71,T
14,14,T
14,0,T
14,1,T
14,238,T
14,0,T
14,2,T
14,4,T
14,1,T
14,0,T
14,82,T
14,27,T
14,74,T
14,97,T
14,71,T
14,204,T
14,69,T
14,0,T
14,0,T
14,86,T
14,39,T
14,36,T
14,0,T
14,1,T
14,553,T
14,1,T
14,5,T
14,0,T
14,0,T
14,0,T
14,138,T
14,1,T
14,36,T
15,5,T
15,0,T
15,91,T
15,1,T
15,0,T
15,5,T
15,44,T
15,71,T
15,11,T
15,82,T
15,330,T
15,47,T
15,0,T
15,0,T
15,157,T
15,0,T
15,179,T
15,0,T
15,0,T
15,4,T
15,0,T
15,0,T
15,34,T
15,22,T
15,0,T
15,8,T
15,50,T
15,0,T
15,0,T
15,5,T
15,149,T
15,0,T
15,0,T
15,0,T
15,14,T
15,0,T
15,126,T
15,0,T
15,0,T
15,26,T
15,0,T
15,0,T
15,191,T
15,8,T
15,8,T
15,28,T
15,2,T
15,181,T
15,30,T
15,0,T
15,0,T
15,90,T
15,8,T
15,0,T
15,0,T
15,0,T
15,36,T
15,139,T
15,21,T
15,0,T
15,4,T
15,128,T
15,80,T
15,217,T
15,266,T
15,11,T
15,193,T
15,1,T
15,27,T
15,0,T
15,4,T
15,0,T
15,4,T
15,0,T
15,4,T
15,192,T
15,12,T
15,26,T
15,0,T
15,0,T
15,19,T
15,29,T
15,0,T
15,22,T
15,11,T
15,0,T
15,0,T
15,0,T
15,48,T
15,0,T
15,0,T
15,0,T
15,151,T
15,146,T
15,0,T
15,0,T
16,0,T
16,0,T
16,0,T
16,0,T
16,1,T
16,80,T
16,0,T
16,0,T
16,1,T
16,0,T
16,0,T
16,52,T
16,0,T
16,58,T
16,5,T
16,220,T
16,125,T
16,0,T
16,0,T
16,59,T
16,0,T
16,0,T
16,27,T
16,0,T
16,37,T
16,36,T
16,48,T
16,0,T
16,1,T
16,77,T
16,134,T
16,4,T
16,98,T
16,12,T
16,0,T
16,0,T
16,276,T
16,0,T
16,351,T
16,3,T
16,23,T
16,0,T
16,38,T
16,0,T
16,3,T
16,164,T
16,0,T
16,0,T
16,0,T
16,128,T
16,563,T
16,43,T
16,3,T
16,2,T
16,0,T
16,20,T
16,0,T
16,43,T
16,39,T
16,89,T
16,10,T
16,44,T
16,59,T
16,5,T
16,43,T
16,0,T
16,0,T
16,0,T
16,32,T
16,0,T
16,0,T
16,0,T
16,6,T
16,4,T
16,50,T
16,23,T
16,2,T
16,0,T
16,287,T
16,35,T
16,3,T
16,4,T
16,1,T
16,223,T
16,0,T
16,0,T
16,0,T
16,5,T
16,0,T
16,1,T
16,175,T
16,0,T
16,18,T
16,66,T
16,0,T
16,148,T
16,0,T
16,1,T
16,8,T
17,334,T
17,11,T
17,26,T
17,8,T
17,0,T
17,0,T
17,0,T
17,5,T
17,0,T
17,447,T
17,0,T
17,83,T
17,0,T
17,462,T
17,0,T
17,501,T
17,32,T
17,0,T
17,36,T
17,32,T
17,1,T
17,0,T
17,0,T
17,0,T
17,1,T
17,71,T
17,113,T
17,0,T
17,0,T
17,0,T
17,5,T
17,1,T
17,1,T
17,1,T
17,4,T
17,0,T
17,0,T
17,2,T
17,12,T
17,11,T
17,186,T
17,0,T
17,8,T
17,42,T
17,4,T
17,0,T
17,0,T
17,0,T
17,39,T
17,2,T
17,15,T
17,4,T
17,11,T
17,16,T
17,15,T
17,0,T
17,0,T
17,0,T
17,35,T
17,5,T
17,2,T
17,744,T
17,535,T
17,112,T
17,0,T
17,22,T
17,0,T
17,0,T
17,1,T
17,17,T
17,1,T
17,23,T
17,40,T
17,0,T
17,32,T
17,12,T
17,1,T
17,45,T
17,9,T
17,9,T
17,75,T
17,0,T
17,0,T
17,2,T
17,80,T
17,13,T
17,0,T
17,0,T
17,56,T
17,10,T
17,0,T
17,1,T
17,0,T
17,0,T
17,56,T
17,1,T
17,41,T
17,248,T
17,5,T
17,0,T
17,77,T
17,0,T
17,0,T
17,178,T
17,78,T
17,0,T
17,6,T
17,32,T
17,0,T
17,0,T
18,0,T
18,315,T
18,105,T
18,0,T
18,0,T
18,0,T
18,4,T
18,0,T
18,0,T
18,0,T
18,0,T
18,0,T
18,43,T
18,0,T
18,0,T
18,4,T
18,43,T
18,0,T
18,0,T
18,120,T
18,7,T
18,0,T
18,55,T
18,21,T
18,31,T
18,0,T
18,195,T
18,1,T
18,5,T
18,1,T
18,0,T
18,11,T
18,0,T
18,11,T
18,106,T
18,0,T
18,161,T
18,1,T
18,0,T
18,99,T
18,0,T
18,0,T
18,147,T
18,188,T
18,14,T
18,0,T
18,0,T
18,66,T
18,0,T
18,54,T
18,12,T
18,226,T
18,469,T
18,0,T
18,0,T
18,47,T
18,0,T
18,0,T
18,10,T
18,71,T
18,0,T
18,1,T
18,18,T
18,0,T
18,0,T
18,10,T
18,3,T
18,59,T
18,1,T
18,0,T
18,0,T
18,3,T
18,0,T
18,0,T
18,3,T
18,38,T
18,0,T
18,0,T
18,0,T
18,5,T
18,40,T
18,2,T
18,140,T
18,169,T
18,0,T
18,670,T
18,0,T
18,33,T
18,0,T
18,1,T
18,346,T
18,8,T
18,90,T
18,0,T
18,7,T
18,0,T
18,2,T
18,0,T
18,239,T
18,68,T
18,0,T
18,1,T
18,0,T
18,0,T
18,14,T
18,0,T
18,177,T
18,0,T
18,1,T
18,0,T
19,283,T
19,55,T
19,217,T
19,14,T
19,74,T
19,74,T
19,178,T
19,117,T
19,23,T
19,19,T
19,145,T
19,597,T
19,609,T
19,136,T
19,106,T
19,28,T
19,100,T
19,17,T
19,31,T
19,210,T
19,72,T
19,93,T
19,236,T
19,36,T
19,158,T
19,45,T
19,4,T
19,49,T
